-- =============================================
-- 小麦害虫检测系统 - 初始数据脚本
-- 版本: 1.0.0
-- =============================================

USE wheat_pest_db;

-- =============================================
-- 初始化管理员用户
-- 密码: admin123 (BCrypt加密)
-- =============================================
INSERT INTO `user` (`user_id`, `username`, `password`, `user_role`, `email`, `phone`, `status`) VALUES
('U001', 'admin', '$2a$10$N.zmdr9k7uOCQb376NoUnuTJ8iAt6Z5EHsM8lE9lBOsl7iAt6Z5EO', 'ADMIN', 'admin@wheatpestdetect.com', '13800138000', 1),
('U002', 'inspector', '$2a$10$N.zmdr9k7uOCQb376NoUnuTJ8iAt6Z5EHsM8lE9lBOsl7iAt6Z5EO', 'INSPECTOR', 'inspector@wheatpestdetect.com', '13800138001', 1),
('U003', 'viewer', '$2a$10$N.zmdr9k7uOCQb376NoUnuTJ8iAt6Z5EHsM8lE9lBOsl7iAt6Z5EO', 'VIEWER', 'viewer@wheatpestdetect.com', '13800138002', 1);

-- =============================================
-- 初始化害虫信息
-- =============================================
INSERT INTO `pest_info` (`pest_id`, `name`, `scientific_name`, `category`, `image_url`, `feature_description`, `harm_characteristics`, `control_method`, `occurrence_pattern`, `description`, `common_symptoms`, `suggested_prevention`) VALUES
('P001', '红蜘蛛', 'Tetranychus urticae', '螨类', '/images/pests/red_spider.jpg', 
'体长0.3-0.5mm，红色或暗红色，体呈椭圆形，有4对足', 
'寄生于小麦叶片背面，吸取汁液，导致叶片出现黄白色斑点，严重时叶片枯黄脱落', 
'1. 喷施阿维菌素、哒螨灵等杀螨剂\n2. 保持田间通风透光\n3. 及时清除杂草', 
'高温干旱季节易发生，5-6月和9-10月为高发期', 
'寄生于小麦叶片，取食汁液导致叶片枯黄', 
'叶片出现黄白色斑点，严重时叶片枯黄脱落', 
'1. 定期检查叶片，发现早期虫害立即喷药\n2. 施用生物农药减少害虫数量\n3. 保证田间通风和采光，提高小麦抗性'),

('P002', '麦蚜', 'Sitobion avenae', '蚜虫类', '/images/pests/wheat_aphid.jpg', 
'体长1.5-2.5mm，绿色或黄绿色，有翅或无翅', 
'吸取小麦汁液，导致叶片卷曲、发黄，分泌蜜露诱发煤污病，传播病毒病', 
'1. 使用蓝色粘板诱捕\n2. 喷施吡虫啉、啶虫脒等杀虫剂\n3. 保护利用天敌如瓢虫、草蛉', 
'温暖干燥环境易发生，3-5月和9-11月为高发期', 
'吸取小麦汁液，导致叶片卷曲，严重时影响生长', 
'叶片卷曲、发黄，植株生长受阻', 
'1. 使用蓝色诱捕器诱捕麦蚜\n2. 及时喷洒杀虫剂减少蚜虫数量\n3. 保持田间干净，减少蚜虫孳生环境'),

('P003', '小麦螟虫', 'Ostrinia nubilalis', '螟蛾科', '/images/pests/wheat_borer.jpg', 
'成虫体长10-15mm，黄褐色，前翅有褐色波状纹', 
'幼虫蛀食小麦茎秆，导致枯心苗、白穗，严重时植株倒伏', 
'1. 喷施氯虫苯甲酰胺等杀虫剂\n2. 灯光诱杀成虫\n3. 及时处理秸秆，减少越冬虫源', 
'一年发生2-3代，6-8月为害最严重', 
'幼虫蛀食小麦茎秆，导致枯杆倒伏', 
'茎秆被蛀空，出现枯心苗、白穗', 
'1. 加强田间管理，清除杂草杂物\n2. 适时播种，错开螟虫高发期\n3. 喷施地面杀虫剂防止产卵'),

('P004', '小麦吸浆虫', 'Sitodiplosis mosellana', '瘿蚊科', '/images/pests/wheat_midge.jpg', 
'成虫体长2-3mm，橙红色，形似蚊子', 
'幼虫吸食麦粒浆液，导致麦粒空瘪，千粒重下降', 
'1. 喷施高效氯氰菊酯等杀虫剂\n2. 深耕土壤，减少虫源\n3. 选用抗虫品种', 
'一年发生1代，4-5月成虫羽化，5-6月幼虫为害', 
'幼虫吸食麦粒浆液，导致麦粒空瘪', 
'麦粒空瘪，千粒重下降，产量降低', 
'1. 深耕土壤，减少越冬虫源\n2. 成虫羽化期及时喷药\n3. 选用抗虫品种'),

('P005', '麦叶蜂', 'Dolerus tritici', '叶蜂科', '/images/pests/wheat_sawfly.jpg', 
'成虫体长8-10mm，黑色，翅透明', 
'幼虫食叶，将叶片吃成缺刻，严重时仅剩叶脉', 
'1. 喷施敌百虫等杀虫剂\n2. 人工捕捉幼虫\n3. 深耕土壤，减少虫源', 
'一年发生1代，4-5月幼虫为害', 
'幼虫食叶，将叶片吃成缺刻', 
'叶片出现缺刻，严重时仅剩叶脉', 
'1. 幼虫发生期及时喷药\n2. 人工捕捉幼虫\n3. 深耕土壤，减少越冬虫源'),

('P006', '小麦粘虫', 'Mythimna separata', '夜蛾科', '/images/pests/armyworm.jpg', 
'成虫体长17-20mm，淡黄褐色，前翅有黑色肾状纹', 
'幼虫食叶，大发生时可将叶片吃光，仅剩麦秆', 
'1. 喷施高效氯氟氰菊酯等杀虫剂\n2. 糖醋液诱杀成虫\n3. 挖沟封锁，阻止幼虫迁移', 
'一年发生多代，6-8月为害最严重', 
'幼虫食叶，大发生时可将叶片吃光', 
'叶片被吃光，仅剩麦秆', 
'1. 幼虫发生期及时喷药\n2. 糖醋液诱杀成虫\n3. 挖沟封锁，阻止幼虫迁移'),

('P007', '麦茎蜂', 'Cephus pygmaeus', '茎蜂科', '/images/pests/wheat_stem_sawfly.jpg', 
'成虫体长8-12mm，黑色，腹部橙黄色', 
'幼虫蛀食茎秆，导致白穗，易折断', 
'1. 选用抗虫品种\n2. 及时收割，减少虫源\n3. 深耕土壤，杀死越冬幼虫', 
'一年发生1代，5-6月成虫羽化', 
'幼虫蛀食茎秆，导致白穗', 
'茎秆被蛀空，出现白穗，易折断', 
'1. 选用抗虫品种\n2. 及时收割，减少虫源\n3. 深耕土壤，杀死越冬幼虫'),

('P008', '小麦条锈病', 'Puccinia striiformis', '真菌病害', '/images/pests/stripe_rust.jpg', 
'夏孢子堆排列成条状，鲜黄色', 
'危害叶片，导致叶片枯黄，影响光合作用和产量', 
'1. 喷施三唑酮、戊唑醇等杀菌剂\n2. 选用抗病品种\n3. 合理施肥，增强植株抗性', 
'低温高湿环境易发生，春季和秋季为高发期', 
'真菌性病害，危害叶片，导致叶片枯黄', 
'叶片出现黄色条状孢子堆，后期叶片枯黄', 
'1. 发病初期及时喷药\n2. 选用抗病品种\n3. 合理施肥，增强植株抗性');

-- =============================================
-- 初始化地块信息
-- =============================================
INSERT INTO `plot_info` (`plot_id`, `plot_name`, `region`, `crop_type`, `area`, `status`, `description`) VALUES
('PLOT001', '一号试验田', '华北平原', '冬小麦', 50.00, 'ACTIVE', '标准试验田，用于害虫监测'),
('PLOT002', '二号试验田', '华北平原', '冬小麦', 45.50, 'ACTIVE', '常规种植区'),
('PLOT003', '三号试验田', '黄淮海平原', '春小麦', 38.00, 'ACTIVE', '新品种试验区'),
('PLOT004', '示范田A', '长江中下游', '冬小麦', 62.00, 'ACTIVE', '高产示范田'),
('PLOT005', '示范田B', '长江中下游', '冬小麦', 55.00, 'ACTIVE', '绿色防控示范区');

-- =============================================
-- 初始化设备信息
-- =============================================
INSERT INTO `device` (`device_id`, `device_name`, `device_type`, `connection_status`, `device_status`, `plot_id`, `parameters`) VALUES
('DEV001', '虫情测报灯1号', '虫情监测', 'ONLINE', 'RUNNING', 'PLOT001', '{"lightIntensity": 80, "workHours": "18:00-06:00"}'),
('DEV002', '自动气象站1号', '气象监测', 'ONLINE', 'RUNNING', 'PLOT001', '{"collectInterval": 300}'),
('DEV003', '高清摄像头1号', '视频监控', 'ONLINE', 'RUNNING', 'PLOT001', '{"resolution": "1920x1080", "fps": 25}'),
('DEV004', '虫情测报灯2号', '虫情监测', 'ONLINE', 'RUNNING', 'PLOT002', '{"lightIntensity": 80, "workHours": "18:00-06:00"}'),
('DEV005', '自动气象站2号', '气象监测', 'OFFLINE', 'STOPPED', 'PLOT002', '{"collectInterval": 300}');

-- =============================================
-- 初始化预警设置
-- =============================================
INSERT INTO `alert_setting` (`alert_name`, `pest_type`, `alert_level`, `threshold`, `alert_method`, `receiver`, `status`) VALUES
('红蜘蛛预警', '红蜘蛛', '高', 100, '系统通知', 'admin', 1),
('麦蚜预警', '麦蚜', '中', 200, '系统通知', 'admin,inspector', 1),
('螟虫预警', '小麦螟虫', '高', 50, '短信+系统通知', 'admin', 1),
('吸浆虫预警', '小麦吸浆虫', '中', 80, '系统通知', 'inspector', 1);

-- =============================================
-- 初始化检测记录（示例数据）
-- =============================================
INSERT INTO `pest_detection_record` (`user_id`, `image_path`, `upload_time`, `pest_type`, `confidence`, `diagnosis_result`, `prevention_advice`, `status`) VALUES
('U001', '/uploads/detect_20240101_100000.jpg', '2024-01-01 10:00:00', '红蜘蛛', 0.92, '寄生于小麦叶片，取食汁液导致叶片枯黄', '1. 定期检查叶片，发现早期虫害立即喷药\n2. 施用生物农药减少害虫数量', 'COMPLETED'),
('U002', '/uploads/detect_20240102_143000.jpg', '2024-01-02 14:30:00', '麦蚜', 0.85, '吸取小麦汁液，导致叶片卷曲', '1. 使用蓝色诱捕器诱捕麦蚜\n2. 及时喷洒杀虫剂减少蚜虫数量', 'COMPLETED'),
('U001', '/uploads/detect_20240103_091500.jpg', '2024-01-03 09:15:00', '小麦螟虫', 0.78, '幼虫蛀食小麦茎秆，导致枯杆倒伏', '1. 加强田间管理，清除杂草杂物\n2. 适时播种，错开螟虫高发期', 'COMPLETED'),
('U003', '/uploads/detect_20240104_160000.jpg', '2024-01-04 16:00:00', '红蜘蛛', 0.88, '寄生于小麦叶片，取食汁液导致叶片枯黄', '1. 定期检查叶片，发现早期虫害立即喷药\n2. 保证田间通风和采光', 'COMPLETED');

-- =============================================
-- 初始化环境数据（示例数据）
-- =============================================
INSERT INTO `environment_data` (`plot_id`, `temperature`, `humidity`, `light_intensity`, `growth_status`, `collect_time`) VALUES
('PLOT001', 25.5, 65.0, 5000.0, '正常', '2024-01-01 10:00:00'),
('PLOT001', 26.0, 68.0, 5200.0, '正常', '2024-01-01 11:00:00'),
('PLOT001', 27.5, 70.0, 5500.0, '正常', '2024-01-01 12:00:00'),
('PLOT002', 24.0, 60.0, 4800.0, '正常', '2024-01-01 10:00:00'),
('PLOT002', 25.0, 62.0, 5000.0, '正常', '2024-01-01 11:00:00');

-- =============================================
-- 初始化虫害预警（示例数据）
-- =============================================
INSERT INTO `pest_alert` (`plot_id`, `pest_type`, `alert_level`, `alert_time`, `description`, `confirmed`) VALUES
('PLOT001', '红蜘蛛', '高', '2024-01-01 10:30:00', '检测到红蜘蛛数量超过预警阈值，建议立即采取防治措施', 0),
('PLOT002', '麦蚜', '中', '2024-01-02 15:00:00', '麦蚜数量达到中等预警水平，建议加强监测', 1),
('PLOT002', '麦蚜', '中', '2024-01-02 15:00:00', '已确认并安排喷药防治', 1);
